{
  "Author": "BoxuChan",
  "Name": "Dare",
  "InternalName": "Dare",
  "AssemblyVersion": "0.11.22",
  "Description": "Mare Synchronos Edit to allow MCDF Exporting using local files.",
  "ApplicableVersion": "any",
  "RepoUrl": "https://github.com/BoxuChan/Dare",
  "Tags": [
    "Dare"
  ],
  "DalamudApiLevel": 13,
  "LoadRequiredState": 0,
  "LoadSync": false,
  "CanUnloadAsync": false,
  "LoadPriority": 0,
  "IconUrl": "https://raw.githubusercontent.com/BoxuChan/client/main/MareSynchronos/images/logo.png",
  "Punchline": "Mare Synchronos Edit to allow MCDF Exporting using local files.",
  "AcceptsFeedback": true
}